{
    "confusion_matrix": [
        [
            340,
            166
        ],
        [
            133,
            373
        ]
    ],
    "categories": {
        "TP": {
            "confidence_scores": {
                "mean": 0.647235631942749,
                "std": 0.1315423548221588,
                "min": 0.5009443759918213,
                "max": 0.98572838306427
            },
            "analysis": {
                "image_analysis": {
                    "sharpness": {
                        "mean": 564.8377470358973,
                        "min": 13.304069607618302,
                        "max": 6534.526831598294,
                        "median": 445.7419397238143
                    },
                    "brightness": {
                        "mean": 116.82004326005703,
                        "min": 28.6898118622449,
                        "max": 202.5914381377551,
                        "median": 116.1781927614796
                    },
                    "contrast": {
                        "mean": 64.07649168954424,
                        "min": 12.053482454904726,
                        "max": 103.35070320011364,
                        "median": 68.19300587835536
                    },
                    "fourier_descriptors": {
                        "mean": [
                            1.0,
                            0.2395531233374141,
                            0.1460566316106893,
                            0.062309432199760366,
                            0.03044100360958273,
                            0.03734169704428692,
                            0.03402795806686344,
                            0.02579445203923564,
                            0.010382455014860185,
                            0.01665666732569358
                        ],
                        "max": [
                            1.0,
                            0.6391401999769589,
                            0.4782032669190957,
                            0.3219520355272183,
                            0.21390252479046537,
                            0.19263791778236697,
                            0.12090616651552465,
                            0.10069153988364556,
                            0.09849208582323904,
                            0.07365033021524728
                        ],
                        "min": [
                            1.0,
                            0.0038883970761425307,
                            0.0009998881733481034,
                            0.0020496264664357964,
                            0.0008044924436314146,
                            0.0005888209889871682,
                            0.0008065988153436786,
                            0.0003486116703784469,
                            0.00013961472353431098,
                            0.00010488342273010147
                        ],
                        "median": [
                            1.0,
                            0.23640774854156846,
                            0.12535690240638864,
                            0.04935102705006181,
                            0.01787933369791706,
                            0.025748770679718317,
                            0.017836353647855664,
                            0.01742787938317674,
                            0.00541475414256519,
                            0.009867462944243783
                        ]
                    }
                },
                "metadata_analysis": {
                    "age_approx": {
                        "mean": 56.321525885558586,
                        "min": 0.0,
                        "max": 90.0,
                        "median": 55.0
                    },
                    "anatom_site_general_challenge": {
                        "most_common": "anterior torso",
                        "percentage": {
                            "upper extremity": 14.33,
                            "lower extremity": 19.01,
                            "torso": 7.6,
                            "anterior torso": 24.56,
                            "palms/soles": 3.22,
                            "head/neck": 20.76,
                            "posterior torso": 9.36,
                            "oral/genital": 0.88,
                            "lateral torso": 0.29
                        }
                    },
                    "sex": {
                        "most_common": "male",
                        "percentage": {
                            "female": 47.68,
                            "male": 52.32
                        }
                    }
                }
            }
        },
        "FP": {
            "confidence_scores": {
                "mean": 0.564673900604248,
                "std": 0.07280120998620987,
                "min": 0.5013206601142883,
                "max": 0.888931393623352
            },
            "analysis": {
                "image_analysis": {
                    "sharpness": {
                        "mean": 555.3828339136884,
                        "min": 21.623741683340327,
                        "max": 4724.8004923113085,
                        "median": 520.507851904504
                    },
                    "brightness": {
                        "mean": 120.91951115207,
                        "min": 53.04424426020408,
                        "max": 181.47797751913265,
                        "median": 118.68659319196428
                    },
                    "contrast": {
                        "mean": 63.428612051970696,
                        "min": 10.017259059719214,
                        "max": 95.84136962596934,
                        "median": 69.25759478781723
                    },
                    "fourier_descriptors": {
                        "mean": [
                            1.0,
                            0.23198608586392405,
                            0.16041896146800994,
                            0.0617948542823768,
                            0.029478285575880586,
                            0.042984500707287585,
                            0.03630047412523312,
                            0.02936434242813055,
                            0.010393832910116854,
                            0.01805724106182355
                        ],
                        "max": [
                            1.0,
                            0.58373995670597,
                            0.3481255923830138,
                            0.17463376392275723,
                            0.14930803703481918,
                            0.11846646179019825,
                            0.10569942127856133,
                            0.08237142017047332,
                            0.08003489097250617,
                            0.04993632589013587
                        ],
                        "min": [
                            1.0,
                            0.007149008833199789,
                            0.002267949455141546,
                            0.0012157191346953606,
                            0.0011517499315207166,
                            0.0004420036347338932,
                            0.0006109687855469352,
                            0.00045573055113741273,
                            9.957729841706185e-05,
                            4.47736375281247e-05
                        ],