{
    "resolution": {
        "mean": 65536.0,
        "max": 65536,
        "min": 65536,
        "median": 65536.0
    },
    "height": {
        "mean": 256.0,
        "max": 256,
        "min": 256,
        "median": 256.0
    },
    "width": {
        "mean": 256.0,
        "max": 256,
        "min": 256,
        "median": 256.0
    },
    "sharpness": {
        "mean": 653.6964940631523,
        "max": 24243.7532448133,
        "min": 21.84748364146799,
        "median": 287.4611957313027
    },
    "brightness": {
        "mean": 171.53326009694976,
        "max": 246.0359039306641,
        "min": 17.783554077148438,
        "median": 176.24044799804688
    },
    "contrast": {
        "mean": 23.66412343002783,
        "max": 92.94708950918728,
        "min": 5.703522799262978,
        "median": 20.98400766068859
    },
    "fourier_descriptors": {
        "mean": [
            0.02076981962009065,
            0.024625081799782653,
            0.024625081799782653,
            0.030219784226354747,
            0.030219784226354747,
            0.03933247005017686,
            0.03933247005017686,
            0.05680340615652787,
            0.05680340615652787,
            1.0
        ],
        "max": [
            0.16961941071675687,
            0.2435965555335857,
            0.2435965555335857,
            0.2861405609445494,
            0.2861405609445494,
            0.3715221314765048,
            0.3715221314765048,
            0.603099417038525,
            0.603099417038525,
            1.0
        ],
        "min": [
            0.0036692097459813857,
            0.004477776851740744,
            0.004477776851740744,
            0.005113760901139384,
            0.005113760901139384,
            0.005595018428712064,
            0.005595018428712064,
            0.007297188213470824,
            0.007297188213470824,
            1.0
        ],
        "median": [
            0.016735125470021556,
            0.019571629670748734,
            0.019571629670748734,
            0.023869857099158905,
            0.023869857099158905,
            0.03125781365896477,
            0.03125781365896477,
            0.0459863444732656,
            0.0459863444732656,
            1.0
        ]
    }
}