{
    "sharpness": {
        "mean": 565.3162885204944,
        "max": 14597.4056608239,
        "min": 7.581763343779258,
        "median": 499.769853423308
    },
    "brightness": {
        "mean": 121.3496464263263,
        "max": 220.06935586734693,
        "min": 22.029217155612244,
        "median": 121.58559869260205
    },
    "contrast": {
        "mean": 62.503132347801895,
        "max": 113.75122309470126,
        "min": 5.4494447098861825,
        "median": 68.0538722085065
    },
    "fourier_descriptors": {
        "mean": [
            1.0,
            0.24216624997290237,
            0.15061065072391638,
            0.060623843559895925,
            0.028562641694349102,
            0.041157331435396065,
            0.036218948241647425,
            0.027551573687077804,
            0.012044566333041998,
            0.017014157861493396
        ],
        "max": [
            1.0,
            0.6711891143391562,
            0.4782032669190957,
            0.3219520355272183,
            0.21390252479046537,
            0.19263791778236697,
            0.14997977692965164,
            0.11376779472355528,
            0.10184942149911153,
            0.0759003668059377
        ],
        "min": [
            1.0,
            0.0007987925105026623,
            0.000366809472605356,
            0.00011949746952045971,
            7.331445688743181e-05,
            6.353316494093912e-05,
            4.3317466563223256e-05,
            3.5097946397864442e-06,
            4.6955477614748444e-05,
            4.1317046082410746e-05
        ],
        "median": [
            1.0,
            0.2616073424591183,
            0.17451716383902482,
            0.05003268355528015,
            0.012801151619552097,
            0.05064025802091779,
            0.01783506487898428,
            0.024546642965639076,
            0.004258575186422974,
            0.009999262200896926
        ]
    }
}